﻿<?xml version="1.0" encoding="utf-8"?>
<ServiceManifest xmlns:xsd="http://www.w3.org/2001/XMLSchema" xmlns:xsi="http://www.w3.org/2001/XMLSchema-instance" Name="OneBank.BotStateActorPkg" Version="1.0.0" xmlns="http://schemas.microsoft.com/2011/01/fabric">
  <ServiceTypes>
    <StatefulServiceType ServiceTypeName="BotStateActorServiceType" HasPersistedState="true">
      <Extensions>
        <Extension Name="__GeneratedServiceType__" GeneratedId="f128a75c-96f3-4a1d-8f0b-c20bd2acd7c3|Persisted">
          <GeneratedNames xmlns="http://schemas.microsoft.com/2015/03/fabact-no-schema">
            <DefaultService Name="BotStateActorService" />
            <ReplicatorEndpoint Name="BotStateActorServiceReplicatorEndpoint" />
            <ReplicatorConfigSection Name="BotStateActorServiceReplicatorConfig" />
            <ReplicatorSecurityConfigSection Name="BotStateActorServiceReplicatorSecurityConfig" />
            <StoreConfigSection Name="BotStateActorServiceLocalStoreConfig" />
            <ServiceEndpointV2 Name="BotStateActorServiceEndpointV2" />
          </GeneratedNames>
        </Extension>
      </Extensions>
    </StatefulServiceType>
  </ServiceTypes>
  <CodePackage Name="Code" Version="1.0.0">
    <EntryPoint>
      <ExeHost>
        <Program>OneBank.BotStateActor.exe</Program>
      </ExeHost>
    </EntryPoint>
  </CodePackage>
  <ConfigPackage Name="Config" Version="1.0.0" />
  <Resources>
    <Endpoints>
      <Endpoint Name="BotStateActorServiceEndpointV2" />
      <Endpoint Name="BotStateActorServiceReplicatorEndpoint" />
    </Endpoints>
  </Resources>
  <!-- The content will be generated during build -->
</ServiceManifest>